{"schema":6,"addons":[{"id":"jid1-MnnxcxisBPnSXQ@jetpack","icons":{"32":"https://addons.mozilla.org/user-media/addon_icons/506/506646-32.png?modified=mcrushed","64":"https://addons.mozilla.org/user-media/addon_icons/506/506646-64.png?modified=mcrushed","128":"https://addons.mozilla.org/user-media/addon_icons/506/506646-128.png?modified=mcrushed"},"name":"Privacy Badger","version":"2024.2.6","sourceURI":"https://addons.mozilla.org/firefox/downloads/file/4232703/privacy_badger17-2024.2.6.xpi","homepageURL":"https://privacybadger.org/","supportURL":"https://privacybadger.org/#faq","amoListingURL":"https://addons.mozilla.org/es/firefox/addon/privacy-badger17/","description":"Automatically learns to block invisible trackers.","fullDescription":"Privacy Badger automatically learns to block invisible trackers. Instead of keeping lists of what to block, Privacy Badger automatically discovers trackers based on their behavior.\n\nPrivacy Badger sends the Global Privacy Control signal to opt you out of data sharing and selling, and the Do Not Track signal to tell companies not to track you. If trackers ignore your wishes, Privacy Badger will learn to block them.\n\nBesides automatic tracker blocking, Privacy Badger replaces potentially useful trackers (video players, comments widgets, etc.) with click-to-activate placeholders, and removes outgoing link click tracking on Facebook and Google, with more privacy protections on the way.\n\nTo learn more, see the FAQ on Privacy Badger's homepage.","weeklyDownloads":19672,"type":"extension","creator":{"name":"EFF Technologists","url":"https://addons.mozilla.org/es/firefox/user/5474073/"},"developers":[],"screenshots":[{"url":"https://addons.mozilla.org/user-media/previews/full/225/225184.png?modified=1622132341","width":1920,"height":1080,"thumbnailURL":"https://addons.mozilla.org/user-media/previews/thumbs/225/225184.jpg?modified=1622132341","thumbnailWidth":533,"thumbnailHeight":300,"caption":"Privacy Badger is a project of the Electronic Frontier Foundation"},{"url":"https://addons.mozilla.org/user-media/previews/full/171/171793.png?modified=1622132342","width":700,"height":394,"thumbnailURL":"https://addons.mozilla.org/user-media/previews/thumbs/171/171793.jpg?modified=1622132342","thumbnailWidth":533,"thumbnailHeight":300,"caption":"Privacy Badger at work on the whitehouse.gov privacy policy page."}],"contributionURL":"https://paypal.me/SupportEFF?utm_content=product-page-contribute&utm_medium=referral&utm_source=addons.mozilla.org","averageRating":4.7979,"reviewCount":457,"reviewURL":"https://addons.mozilla.org/es/firefox/addon/privacy-badger17/reviews/","updateDate":1707418798000},{"id":"{2e5ff8c8-32fe-46d0-9fc8-6b8986621f3c}","icons":{"32":"https://addons.mozilla.org/user-media/addon_icons/824/824288-32.png?modified=39d0cb7b","64":"https://addons.mozilla.org/user-media/addon_icons/824/824288-64.png?modified=39d0cb7b","128":"https://addons.mozilla.org/user-media/addon_icons/824/824288-128.png?modified=39d0cb7b"},"name":"Search by Image","version":"6.1.2","sourceURI":"https://addons.mozilla.org/firefox/downloads/file/4227669/search_by_image-6.1.2.xpi","homepageURL":"https://github.com/dessant/search-by-image#readme","supportURL":"https://github.com/dessant/search-by-image/issues","amoListingURL":"https://addons.mozilla.org/es/firefox/addon/search_by_image/","description":"A powerful reverse image search tool, with support for various search engines, such as Google, Bing, Yandex, Baidu and TinEye.","fullDescription":"Search by Image is a browser extension for Firefox that makes effortless reverse image searches possible, and comes with support for more than 30 search engines.\n\nSearch by Image is an open source project made possible thanks to a community of awesome supporters. If you'd like to support the continued development of the extension, please consider contributing with Patreon, PayPal or Bitcoin.\n\nThe extension helps journalists and researchers verify the authenticity of images, and assists in the identification of false information on social media. Search by Image is also popular among photographers, helping artists explore how their work is shared on the web, while shoppers find it valuable for discovering similar products at discounted prices.\n\nThe extension enables you to search for images from the context menu and the browser toolbar with the help of a diverse set of reverse image search engines, which can be toggled and reordered from the extension's options. Visit the wiki for the full list of supported search engines.\n\nhttps://github.com/dessant/search-by-image/wiki/Search-engines\n\nImages positioned at the selected area are detected regardless of how they were embedded in the page. The extension also supports searching with images from your device, images from private sites, and captured areas of the page.\n\nA handful of search modes are offered that serve different use cases. The search mode can be set independently for the context menu and the browser toolbar from the extension's options.\n\nSearch modes:\n\n    Select URL: select an image on the page and search with the image URL. This is the default search mode.\n    Select image: select an image on the page and search with the image file. This search mode is preferred for sites which do not allow the direct linking of images, such as private sites.\n    Capture: search with a captured area of the page.\n    Browse: search with an image from your device. Pasting images from the clipboard is also supported on desktop platforms.\n    URL: search with an image URL.\n\n\nThe image you select during a search is sent to the requested service, such as Google Images. Visit the extension's privacy policy for more information.\n\nThe extension is also available for Chrome and Safari.\n\nReviews are not monitored for bug reports, please use GitHub for issues and feature requests.\nhttps://github.com/dessant/search-by-image","weeklyDownloads":5416,"type":"extension","creator":{"name":"Armin Sebastian","url":"https://addons.mozilla.org/es/firefox/user/12929064/"},"developers":[],"screenshots":[{"url":"https://addons.mozilla.org/user-media/previews/full/263/263054.png?modified=1635854423","width":2400,"height":1500,"thumbnailURL":"https://addons.mozilla.org/user-media/previews/thumbs/263/263054.jpg?modified=1635854423","thumbnailWidth":533,"thumbnailHeight":333},{"url":"https://addons.mozilla.org/user-media/previews/full/263/263055.png?modified=1635854425","width":2400,"height":1500,"thumbnailURL":"https://addons.mozilla.org/user-media/previews/thumbs/263/263055.jpg?modified=1635854425","thumbnailWidth":533,"thumbnailHeight":333},{"url":"https://addons.mozilla.org/user-media/previews/full/263/263056.png?modified=1635854413","width":2400,"height":1500,"thumbnailURL":"https://addons.mozilla.org/user-media/previews/thumbs/263/263056.jpg?modified=1635854413","thumbnailWidth":533,"thumbnailHeight":333},{"url":"https://addons.mozilla.org/user-media/previews/full/263/263057.png?modified=1635854419","width":2400,"height":1500,"thumbnailURL":"https://addons.mozilla.org/user-media/previews/thumbs/263/263057.jpg?modified=1635854419","thumbnailWidth":533,"thumbnailHeight":333},{"url":"https://addons.mozilla.org/user-media/previews/full/263/263058.png?modified=1635854413","width":2400,"height":1500,"thumbnailURL":"https://addons.mozilla.org/user-media/previews/thumbs/263/263058.jpg?modified=1635854413","thumbnailWidth":533,"thumbnailHeight":333},{"url":"https://addons.mozilla.org/user-media/previews/full/263/263059.png?modified=1635854425","width":2400,"height":1500,"thumbnailURL":"https://addons.mozilla.org/user-media/previews/thumbs/263/263059.jpg?modified=1635854425","thumbnailWidth":533,"thumbnailHeight":333},{"url":"https://addons.mozilla.org/user-media/previews/full/263/263060.png?modified=1635854411","width":2400,"height":1500,"thumbnailURL":"https://addons.mozilla.org/user-media/previews/thumbs/263/263060.jpg?modified=1635854411","thumbnailWidth":533,"thumbnailHeight":333},{"url":"https://addons.mozilla.org/user-media/previews/full/263/263061.png?modified=1635854411","width":2400,"height":1500,"thumbnailURL":"https://addons.mozilla.org/user-media/previews/thumbs/263/263061.jpg?modified=1635854411","thumbnailWidth":533,"thumbnailHeight":333}],"contributionURL":"https://www.paypal.com/donate?hosted_button_id=GLL4UNSNU6SQN&utm_content=product-page-contribute&utm_medium=referral&utm_source=addons.mozilla.org","averageRating":4.6394,"reviewCount":278,"reviewURL":"https://addons.mozilla.org/es/firefox/addon/search_by_image/reviews/","updateDate":1706700638000},{"id":"{1018e4d6-728f-4b20-ad56-37578a4de76b}","icons":{"32":"https://addons.mozilla.org/user-media/addon_icons/5/5791-32.png?modified=mcrushed","64":"https://addons.mozilla.org/user-media/addon_icons/5/5791-64.png?modified=mcrushed","128":"https://addons.mozilla.org/user-media/addon_icons/5/5791-128.png?modified=mcrushed"},"name":"Flagfox","version":"6.1.72","sourceURI":"https://addons.mozilla.org/firefox/downloads/file/4243023/flagfox-6.1.72.xpi","homepageURL":"https://flagfox.wordpress.com/","supportURL":"https://flagfox.net/forum","amoListingURL":"https://addons.mozilla.org/es/firefox/addon/flagfox/","description":"Displays a country flag depicting the location of the current website's server and provides a multitude of tools such as site safety checks, whois, translation, similar sites, validation, URL shortening, and more...","fullDescription":"Flagfox is an extension that displays a flag icon indicating the current webserver's physical location. Knowing where you're connected to adds an extra layer of awareness to your browsing and can be useful to indicate the native languages and legal jurisdictions that may apply. Additional information can be obtained via a multitude of external lookups and users can add their own custom actions. All actions can be added to the flag icon's context menu and set to icon click or keyboard shortcuts for quick access.\n\nClicking the flag icon loads our default action, Geotool, which gives a detailed map showing the city the server is in and other useful information such as its local time and ISP. Many other actions are available for a wide range of uses such as:\n\n    Site safety and malware checks\n    Finding similar sites and reviews\n    Automatic translation to your language\n    SEO and web development research\n    Diagnostics like pings and traceroutes\n    Whois and DNS information\n    Page code validation\n    Quick URL shortening\n    Copying a server's IP address or other info\n    or you can create your own custom actions!\n\nFlagfox is simple, unobtrusive, and uses relatively little resources. In order to protect your privacy, country lookups are done locally rather than asking an external server about every page you browse to. It works by accessing an internal IP address location database, basically a rough map of the physical layout of the Internet, based on data provided by Maxmind. This gives a flag for the nationality of the actual location of the server you're connected to, rather than just the nationality of the domain name which may be different. Flagfox updates are provided on a monthly basis to keep this internal database accurate.","weeklyDownloads":2059,"type":"extension","creator":{"name":"Dave G","url":"https://addons.mozilla.org/es/firefox/user/235431/"},"developers":[],"screenshots":[{"url":"https://addons.mozilla.org/user-media/previews/full/128/128264.png?modified=1622132177","width":331,"height":342,"thumbnailURL":"https://addons.mozilla.org/user-media/previews/thumbs/128/128264.jpg?modified=1622132177","thumbnailWidth":331,"thumbnailHeight":342,"caption":"Flagfox shows a flag icon in the location bar indicating the physical location of the current website's server. The right-click menu provides a customizable list of helpful actions to look up information about the page, server, or organization."},{"url":"https://addons.mozilla.org/user-media/previews/full/128/128278.png?modified=1622132177","width":232,"height":111,"thumbnailURL":"https://addons.mozilla.org/user-media/previews/thumbs/128/128278.jpg?modified=1622132177","thumbnailWidth":232,"thumbnailHeight":111,"caption":"Hovering the cursor over the Flagfox icon in the address bar shows a tooltip with the IP address, server location, as well as domain nationality (if applicable)."},{"url":"https://addons.mozilla.org/user-media/previews/full/129/129736.png?modified=1622132178","width":700,"height":430,"thumbnailURL":"https://addons.mozilla.org/user-media/previews/thumbs/129/129736.jpg?modified=1622132178","thumbnailWidth":533,"thumbnailHeight":327,"caption":"Clicking the flag icon performs the default action, Geotool, which shows a map with a more precise server location and gives additional detailed information."},{"url":"https://addons.mozilla.org/user-media/previews/full/128/128276.png?modified=1622132178","width":601,"height":525,"thumbnailURL":"https://addons.mozilla.org/user-media/previews/thumbs/128/128276.jpg?modified=1622132178","thumbnailWidth":458,"thumbnailHeight":400,"caption":"The Flagfox menu provides access to a multitude of additional actions. Shown here are parts of the traceroute, WOT Scorecard, SSL Checker, Check Server Status, Ping, and Header Check actions. Many more actions are available."},{"url":"https://addons.mozilla.org/user-media/previews/full/128/128280.png?modified=1622132178","width":405,"height":525,"thumbnailURL":"https://addons.mozilla.org/user-media/previews/thumbs/128/128280.jpg?modified=1622132178","thumbnailWidth":309,"thumbnailHeight":400,"caption":"The Flagfox options dialog allows you to pick from an array of many more actions to add to the flag's right-click menu or set to shortcuts. Advanced users can create their own actions."},{"url":"https://addons.mozilla.org/user-media/previews/full/128/128282.png?modified=1622132178","width":573,"height":403,"thumbnailURL":"https://addons.mozilla.org/user-media/previews/thumbs/128/128282.jpg?modified=1622132178","thumbnailWidth":533,"thumbnailHeight":375,"caption":"Flagfox uses a custom set of high quality flag icons based on the public domain works of Wikimedia Commons. The options links to a preview window that allows users to browse the flags and look up countries/territories via Wikipedia."}],"contributionURL":"https://www.paypal.com/cgi-bin/webscr?cmd=_s-xclick&hosted_button_id=AKTB2MGHTJ9YS&utm_content=product-page-contribute&utm_medium=referral&utm_source=addons.mozilla.org","averageRating":4.6328,"reviewCount":235,"reviewURL":"https://addons.mozilla.org/es/firefox/addon/flagfox/reviews/","updateDate":1709625207000},{"id":"{a6c4a591-f1b2-4f03-b3ff-767e5bedf4e7}","icons":{"32":"https://addons.mozilla.org/user-media/addon_icons/853/853731-32.png?modified=a1617cd0","64":"https://addons.mozilla.org/user-media/addon_icons/853/853731-64.png?modified=a1617cd0","128":"https://addons.mozilla.org/user-media/addon_icons/853/853731-128.png?modified=a1617cd0"},"name":"User-Agent Switcher and Manager","version":"0.5.0","sourceURI":"https://addons.mozilla.org/firefox/downloads/file/4098688/user_agent_string_switcher-0.5.0.xpi","homepageURL":"http://add0n.com/useragent-switcher.html","supportURL":"https://add0n.com/useragent-switcher.html","amoListingURL":"https://addons.mozilla.org/es/firefox/addon/user-agent-string-switcher/","description":"Spoof websites trying to gather information about your web navigation—like your browser type and operating system—to deliver distinct content you may not want.","fullDescription":"Usage example: You can alter your user-agent string to indicate you’re on a mobile device if you prefer seeing mobile versions of sites so they load quicker.\n\n--\n\nThis extension allows you to spoof your browser \"user-agent\" string to a custom designation, making it impossible for websites to know specific details about your browsing arrangement.\n\nOverviews:\nhttps://www.youtube.com/watch?v=-aVFxvF3N_E\nhttps://www.youtube.com/watch?v=4M6_Zc4o1MQ\n\nNotes:\n1. You can easily set custom \"user-agent\" strings from the toolbar popup\n2. The extension uses a two-factor technique to mimic your default \"user-agent\" string, which is the most reliable method\n3. The extension does not use any resources when it is not spoofing the user-agent\n4. The extension enables user-agent spoofing on specific domains only; it is conversely possible to exclude certain domains from spoofing. Check the Options page for more info.\n5. You can set per-site user-agent strings\n6. There is an option to randomize user-agent strings.\n7. It is possible to set user-agent string for a single window; you can have a separate user-agent string for each browser window\n\nSupported operating systems:\nWindows, Mac OS, Linux, Chromium OS, Ubuntu, Debian, Android, iOS, AmigaOS, OpenBSD, BeOS, Haiku, Solaris, NetBSD, FreeBSD, Slackware, SUSE, gentoo, Fedora, Gentoo, Mageia, CentOS, Mint, DragonFly, Kubuntu, Mandriva, Zenwalk, Unix, GNU, OS/2, AIX, QNX, BEOS, RISC OS, Symbian, Nintendo, OpenSolaris, Kubuntu\n\nSupported browsers:\nInternet Explorer, Safari, Chrome, Firefox, Opera, Edge, WebKit, Avant, Maxthon, Arora, Mozilla, Epiphany, Camino, Chimera, Chromium, Dragon, conkeror, Conkeror, Dillo, Links, Firebird, Swiftfox, Netscape, Flock, iCab, Iceape, icecat, IceCat, IceWeasel, Iron, Meleon, Konqueror, Lunascape, Lynx, MAXTHON, midori, Midori, KHTML, Mosaic, NetSurf, OmniWeb, Tablet, Mini, Phoenix, RockMelt, Safari, Browser, SeaMonkey, Slim, Webkit, w3m\n\nFor more info and general bug reports please use:\nhttps://add0n.com/useragent-switcher.html\n\nFor technical bug reports please use:\nhttps://github.com/ray-lothian/UserAgent-Switcher/","weeklyDownloads":19778,"type":"extension","creator":{"name":"Ray","url":"https://addons.mozilla.org/es/firefox/user/13129494/"},"developers":[],"screenshots":[{"url":"https://addons.mozilla.org/user-media/previews/full/188/188200.png?modified=1622132777","width":700,"height":438,"thumbnailURL":"https://addons.mozilla.org/user-media/previews/thumbs/188/188200.jpg?modified=1622132777","thumbnailWidth":533,"thumbnailHeight":334},{"url":"https://addons.mozilla.org/user-media/previews/full/202/202435.png?modified=1622132779","width":440,"height":280,"thumbnailURL":"https://addons.mozilla.org/user-media/previews/thumbs/202/202435.jpg?modified=1622132779","thumbnailWidth":440,"thumbnailHeight":280}],"contributionURL":"https://www.paypal.com/paypalme/addondev/10usd?country.x=USD&utm_content=product-page-contribute&utm_medium=referral&utm_source=addons.mozilla.org","averageRating":4.2379,"reviewCount":231,"reviewURL":"https://addons.mozilla.org/es/firefox/addon/user-agent-string-switcher/reviews/","updateDate":1682502684000},{"id":"{3c078156-979c-498b-8990-85f7987dd929}","icons":{"32":"https://addons.mozilla.org/user-media/addon_icons/999/999984-32.png?modified=524534e3","64":"https://addons.mozilla.org/user-media/addon_icons/999/999984-64.png?modified=524534e3","128":"https://addons.mozilla.org/user-media/addon_icons/999/999984-128.png?modified=524534e3"},"name":"Sidebery","version":"5.2.0","sourceURI":"https://addons.mozilla.org/firefox/downloads/file/4246774/sidebery-5.2.0.xpi","homepageURL":"https://github.com/mbnuqw/sidebery","supportURL":"https://github.com/mbnuqw/sidebery","amoListingURL":"https://addons.mozilla.org/es/firefox/addon/sidebery/","description":"Vertical tabs tree and bookmarks in sidebar with advanced containers configuration, grouping and many other features.","fullDescription":"Sidebery provides the list of tabs structured in a tree, bookmarks and history within the customizable panels. It aims to be fast and configurable. Some of the key features:\n\n- Tabs\n- Simple flat list or tree with the option to set tree limit.\n- Group tabs (aka folders) with a custom name helps organize open pages.\n- Tabs colorization: Automatic per-domain/URL or manual.\n- Automatic unloading of tabs in a folded branch / inactive panel.\n- Customizable tab title.\n- ...\n\n- Bookmarks\n- Tree or chronological view.\n- Sort by name, URL or creation time\n- Basic operations: open in... / create / edit / delete.\n- Ability to highlight open bookmarks and activate the corresponding tab instead of opening a new one when clicked.\n- Automatically delete a bookmark on opening from \"Other Bookmarks\" folder or configured bookmarks panel.\n- ...\n\n- Tabs / Bookmarks panels\n- Organize your browsing with panels of tabs/bookmarks.\n- Convert open tabs in the panel to bookmarks and vice versa.\n- Automatically move tabs by URL to configured panel.\n- ...\n\n- Containers\n- Bind container to the tabs panel.\n- Automatically reopen tab in the target container by URL.\n- Setup proxy config and UserAgent header for tabs in a container.\n- ...\n\n- Customizable context menu\nSidebery allows you to change the context menu for tabs and bookmarks. You can enable/disable/move options, create sub-menus/separators.\n\n- Customizable mouse/keyboard controls\n- Option to switch tabs with mouse-wheel.\n- Configurable drag and drop behavior.\n- A growing list of available actions for mouse/keyboard bindings.\n\n- Customizable styles\nSidebery provides full control of styles for sidebar and group page via variables and custom CSS.\n\n- Snapshots\nYou can setup auto snapshots that will keep info about open windows and tabs.\n\n\nPrivacy policy\n\n    Sidebery keeps all data that needed to correct work on the user's machine and doesn't send any kind of data to the outside.\n\n\n\nSource code\n\n    Source code can be found here: https://github.com/mbnuqw/sidebery\n\n\n\nPermissions\n\n    - \"Access recently closed tabs\" - needed for the \"Undo close tab\" function.\n    - \"Access browser tabs\" - needed to get info and control tabs.\n    - \"Store unlimited amount of client-side data\" - needed to store favicons cache and snapshots.\n\n\n\nOptional permissions\n\n    - \"Access your data for all websites\" and \"Control browser proxy settings\" - Required for the next features:\n        - Context menu option for cleaning cookies\n        - Proxy and url rules of containers\n        - Page-screenshots for the group page and windows selection panel\n        - Changing the User-Agent per container- \"Hide and show browser tabs\" - Required for the next features:\n        - Hiding tabs on inactive panels\n        - Hiding folded tabs- \"Read and modify bookmarks\" - needed for bookmarking the tabs and bookmarks panel functionality.\n    - \"Access browsing history\" - for history panel functionality.\n    - \"Input data to the clipboard\" - Context menu option for copying urls of tabs and bookmarks\n    - \"Download files and read and modify the browser’s download history\" - Auto-export of snapshots.\n\nNote: You can deny these permissions at any time on the settings page.\n\nNotes\n\n    - Firefox doesn't allow addons to hide the native (horizontal) tab bar. To achieve that, you can use userChrome.css hacks.\n\n\nDonate to support the development of this project\n\n    - Bitcoin (BTC): bc1q2drx3x5pfl0c68urwztvjrwgksg9u3l7mn4g4m\n    - Ethereum (ETH), USDT (ERC20), USDC (ERC20): 0x11667D20AB328194AEEc68F9385CCcf713607929\n    - USDT (TRC20), USDC (TRC20): TJEdp1TnsN7Jfhfi9Db8yXKDK8NEUovCZb\n\n\nMore info you can find here","weeklyDownloads":2015,"type":"extension","creator":{"name":"mbnuqw","url":"https://addons.mozilla.org/es/firefox/user/13304480/"},"developers":[],"screenshots":[{"url":"https://addons.mozilla.org/user-media/previews/full/287/287945.png?modified=1695803068","width":1261,"height":939,"thumbnailURL":"https://addons.mozilla.org/user-media/previews/thumbs/287/287945.jpg?modified=1695803068","thumbnailWidth":533,"thumbnailHeight":397,"caption":"Sidebar and group-page"},{"url":"https://addons.mozilla.org/user-media/previews/full/287/287946.png?modified=1695803068","width":739,"height":740,"thumbnailURL":"https://addons.mozilla.org/user-media/previews/thumbs/287/287946.jpg?modified=1695803068","thumbnailWidth":399,"thumbnailHeight":400,"caption":"Bookmarks and History"},{"url":"https://addons.mozilla.org/user-media/previews/full/287/287947.png?modified=1695803068","width":1335,"height":821,"thumbnailURL":"https://addons.mozilla.org/user-media/previews/thumbs/287/287947.jpg?modified=1695803068","thumbnailWidth":533,"thumbnailHeight":328,"caption":"Firefox theme support (Pictured themes: \"Modern Light\", \"Arc Theme\", \"Fresh Light Theme\", \"Almost Dark Proton\", \"Arc Dark Theme\", \"Druvbox Dark\", \"Fresh Dark Theme\")"},{"url":"https://addons.mozilla.org/user-media/previews/full/287/287948.png?modified=1695803068","width":1637,"height":854,"thumbnailURL":"https://addons.mozilla.org/user-media/previews/thumbs/287/287948.jpg?modified=1695803068","thumbnailWidth":533,"thumbnailHeight":278,"caption":"Context-menu editor"},{"url":"https://addons.mozilla.org/user-media/previews/full/287/287949.png?modified=1695803068","width":1141,"height":770,"thumbnailURL":"https://addons.mozilla.org/user-media/previews/thumbs/287/287949.jpg?modified=1695803068","thumbnailWidth":533,"thumbnailHeight":360,"caption":"Snapshots"}],"contributionURL":"","averageRating":4.7186,"reviewCount":253,"reviewURL":"https://addons.mozilla.org/es/firefox/addon/sidebery/reviews/","updateDate":1710431724000},{"id":"{d07ccf11-c0cd-4938-a265-2a4d6ad01189}","icons":{"32":"https://addons.mozilla.org/user-media/addon_icons/844/844320-32.png?modified=b8e4dcca","64":"https://addons.mozilla.org/user-media/addon_icons/844/844320-64.png?modified=b8e4dcca","128":"https://addons.mozilla.org/user-media/addon_icons/844/844320-128.png?modified=b8e4dcca"},"name":"Web Archives","version":"5.0.0","sourceURI":"https://addons.mozilla.org/firefox/downloads/file/4191232/view_page_archive-5.0.0.xpi","homepageURL":"https://github.com/dessant/web-archives#readme","supportURL":"https://github.com/dessant/web-archives/issues","amoListingURL":"https://addons.mozilla.org/es/firefox/addon/view-page-archive/","description":"View archived and cached versions of web pages on 10+ search engines, such as the Wayback Machine, Archive․is, Google, Bing and Yandex","fullDescription":"Web Archives is a Firefox extension that enables you to find archived and cached versions of web pages. Searches can be initiated from the context menu, the browser toolbar, or the address bar in case of a server error.\n\nWeb Archives is an open source project made possible thanks to a community of awesome supporters. If you'd like to support the continued development of the extension, please consider contributing with Patreon, PayPal or Bitcoin.\n\nA diverse set of archive and cache sources are supported, which can be toggled and reordered from the extension's options. Visit the wiki for the full list of supported search engines.\n\nhttps://github.com/dessant/web-archives/wiki/Search-engines\n\nPRO TIP: search for a link without visiting the web page by right-clicking on the link and searching from the context menu.\n\nA handful of search modes are offered that serve different use cases. The search mode can be set independently for the context menu and the browser toolbar from the extension's options.\n\nSearch modes:\n• Tab: search for the web page opened in the active tab. This is the default search mode.\n• URL: search for a custom page URL.\n\nThe URL you select during a search is sent to the requested service, such as the Wayback Machine. Visit the extension's privacy policy for more information.\n\nThe extension is also available for Chrome and Safari.\n\nReviews are not monitored for bug reports, please use GitHub for issues and feature requests.\nhttps://github.com/dessant/web-archives","weeklyDownloads":701,"type":"extension","creator":{"name":"Armin Sebastian","url":"https://addons.mozilla.org/es/firefox/user/12929064/"},"developers":[],"screenshots":[{"url":"https://addons.mozilla.org/user-media/previews/full/265/265132.png?modified=1641353703","width":2400,"height":1500,"thumbnailURL":"https://addons.mozilla.org/user-media/previews/thumbs/265/265132.jpg?modified=1641353703","thumbnailWidth":533,"thumbnailHeight":333},{"url":"https://addons.mozilla.org/user-media/previews/full/265/265133.png?modified=1641353703","width":2400,"height":1500,"thumbnailURL":"https://addons.mozilla.org/user-media/previews/thumbs/265/265133.jpg?modified=1641353703","thumbnailWidth":533,"thumbnailHeight":333},{"url":"https://addons.mozilla.org/user-media/previews/full/265/265134.png?modified=1641353703","width":2400,"height":1500,"thumbnailURL":"https://addons.mozilla.org/user-media/previews/thumbs/265/265134.jpg?modified=1641353703","thumbnailWidth":533,"thumbnailHeight":333},{"url":"https://addons.mozilla.org/user-media/previews/full/265/265135.png?modified=1641353703","width":2400,"height":1500,"thumbnailURL":"https://addons.mozilla.org/user-media/previews/thumbs/265/265135.jpg?modified=1641353703","thumbnailWidth":533,"thumbnailHeight":333}],"contributionURL":"https://www.paypal.com/donate?hosted_button_id=GLL4UNSNU6SQN&utm_content=product-page-contribute&utm_medium=referral&utm_source=addons.mozilla.org","averageRating":4.6387,"reviewCount":43,"reviewURL":"https://addons.mozilla.org/es/firefox/addon/view-page-archive/reviews/","updateDate":1699518480000},{"id":"langpack-es-ES@firefox.mozilla.org","icons":{"32":"https://addons.mozilla.org/static-server/img/addon-icons/default-32.2b26add4b394.png","64":"https://addons.mozilla.org/static-server/img/addon-icons/default-64.d144b50f2bb8.png","128":"https://addons.mozilla.org/static-server/img/addon-icons/default-128.452018499894.png"},"name":"Español (España) Language Pack","version":"124.0.20240311.145044","sourceURI":"https://addons.mozilla.org/firefox/downloads/file/4248553/espanol_espana_language_pac-124.0.20240311.145044.xpi","homepageURL":null,"supportURL":null,"amoListingURL":"https://addons.mozilla.org/es/firefox/addon/espa%C3%B1ol-espa%C3%B1a-language-pac/","description":"Español (España) Language Pack","fullDescription":null,"weeklyDownloads":497,"type":"locale","creator":{"name":"Mozilla Firefox","url":"https://addons.mozilla.org/es/firefox/user/4757633/"},"developers":[],"screenshots":[],"contributionURL":"","averageRating":4.3489,"reviewCount":96,"reviewURL":"https://addons.mozilla.org/es/firefox/addon/espa%C3%B1ol-espa%C3%B1a-language-pac/reviews/","updateDate":1710394033000},{"id":"wayback_machine@mozilla.org","icons":{"32":"https://addons.mozilla.org/user-media/addon_icons/711/711438-32.png?modified=ae444026","64":"https://addons.mozilla.org/user-media/addon_icons/711/711438-64.png?modified=ae444026","128":"https://addons.mozilla.org/user-media/addon_icons/711/711438-128.png?modified=ae444026"},"name":"Wayback Machine","version":"3.2","sourceURI":"https://addons.mozilla.org/firefox/downloads/file/4047136/wayback_machine_new-3.2.xpi","homepageURL":"https://archive.org","supportURL":"https://archive.org/about/contact.php","amoListingURL":"https://addons.mozilla.org/es/firefox/addon/wayback-machine_new/","description":"Welcome to the Official Internet Archive Wayback Machine Browser Extension! Go back in time to see how a website has changed through the history of the Web. Save websites, view missing 404 Not Found pages, or read archived books & papers.","fullDescription":"Welcome to the Official Internet Archive Wayback Machine Browser Extension! Go back in time to see how a website has changed through the history of the Web. Save websites, view missing 404 Not Found pages, or read archived books & papers.\n\nMost features will work without requiring an account including Save Page Now.\n\nSome features must be enabled from Settings. Turn on Private Mode to prevent automatic sending of data and to protect your privacy while browsing.\n\nFeatures\n\n• Save Page Now - Instantly save the page you are currently viewing in the Wayback Machine. Turn on Auto Save Page in settings to save pages that have not previously been saved, or Auto Save Bookmarks to save when bookmarking a page. Works while logged out, or log in for additional options.\n\n• Oldest, Newest & Overview - View the first version of a page or the most recently saved in the Wayback Machine. Or view a calendar overview of all archived pages. Can also use by right-clicking over a page or link.\n\n• Wayback Machine Count - Display a count of snapshots of the current page stored in the Wayback Machine over the toolbar icon, and the date of last save in the popup.\n\n• 404 Not Found - When an error occurs, automatically check if an archived copy is available. Checks against 4xx & 5xx HTTP error codes.\n\n• Contextual Notices - Check for contextual information from fact checking organizations and origin websites.\n\n• Relevant Resources - View research papers and books while visiting Wikipedia, archived digitized books while visiting Amazon Books, and recommended TV News Clips while visiting news websites.\n\n• URLs & Collections - Show a list of URLs captured under the current website, and what collections they are saved under.\n\n• Site Map & Word Cloud - Present a sunburst diagram for the domain you are currently viewing, or create a Word Cloud from the link's anchor text of the page you are on.\n\n• Annotations - Provide a list of annotations for the current web page and domain, provided by Hypothes.is.\n\n• My Web Archive - Save URLs to your public archive page on the Internet Archive.\n\n• Tweets & Share Links - Search Twitter for information regarding your current page, or share archived links on social media.\n\n\nFor support, please email info@archive.org","weeklyDownloads":491,"type":"extension","creator":{"name":"Internet Archive","url":"https://addons.mozilla.org/es/firefox/user/12373129/"},"developers":[],"screenshots":[{"url":"https://addons.mozilla.org/user-media/previews/full/266/266583.png?modified=1649876670","width":1280,"height":800,"thumbnailURL":"https://addons.mozilla.org/user-media/previews/thumbs/266/266583.jpg?modified=1649876670","thumbnailWidth":533,"thumbnailHeight":333,"caption":"See how websites have changed through the history of the Web."},{"url":"https://addons.mozilla.org/user-media/previews/full/266/266584.png?modified=1649876670","width":1280,"height":800,"thumbnailURL":"https://addons.mozilla.org/user-media/previews/thumbs/266/266584.jpg?modified=1649876670","thumbnailWidth":533,"thumbnailHeight":333,"caption":"View archived copies of missing websites."},{"url":"https://addons.mozilla.org/user-media/previews/full/266/266585.png?modified=1649876670","width":1280,"height":800,"thumbnailURL":"https://addons.mozilla.org/user-media/previews/thumbs/266/266585.jpg?modified=1649876670","thumbnailWidth":533,"thumbnailHeight":333,"caption":"Instantly save the page you are currently viewing in the Wayback Machine."},{"url":"https://addons.mozilla.org/user-media/previews/full/268/268466.png?modified=1649876675","width":1280,"height":800,"thumbnailURL":"https://addons.mozilla.org/user-media/previews/thumbs/268/268466.jpg?modified=1649876675","thumbnailWidth":533,"thumbnailHeight":333,"caption":"View archived research papers and books referenced in Wikipedia."},{"url":"https://addons.mozilla.org/user-media/previews/full/266/266587.png?modified=1649876670","width":1280,"height":800,"thumbnailURL":"https://addons.mozilla.org/user-media/previews/thumbs/266/266587.jpg?modified=1649876670","thumbnailWidth":533,"thumbnailHeight":333,"caption":"See annotations for the current web page and domain provided by Hypothes.is."}],"contributionURL":"","averageRating":3.9483,"reviewCount":153,"reviewURL":"https://addons.mozilla.org/es/firefox/addon/wayback-machine_new/reviews/","updateDate":1672928600000},{"id":"bookmarksorganizer@agenedia.com","icons":{"32":"https://addons.mozilla.org/user-media/addon_icons/807/807213-32.png?modified=mcrushed","64":"https://addons.mozilla.org/user-media/addon_icons/807/807213-64.png?modified=mcrushed","128":"https://addons.mozilla.org/user-media/addon_icons/807/807213-128.png?modified=mcrushed"},"name":"Bookmarks Organizer","version":"4.1.1","sourceURI":"https://addons.mozilla.org/firefox/downloads/file/4163388/bookmarks_organizer-4.1.1.xpi","homepageURL":"https://www.soeren-hentzschel.at/firefox-webextensions/bookmarks-organizer/","supportURL":"https://github.com/cadeyrn/bookmarks-organizer/issues","amoListingURL":"https://addons.mozilla.org/es/firefox/addon/bookmarks-organizer/","description":"With the Bookmarks Organizer it's easy to put order in your bookmarks. The Bookmarks Organizer finds no longer working bookmarks, redirects, duplicates and more!","fullDescription":"With the Bookmarks Organizer, it's easy to put order in your bookmarks. The Bookmarks Organizer finds no longer working bookmarks, redirects, duplicates and more!\n\nBookmarks Organizer is a WebExtension and compatible with Firefox Browser 60 and higher (Firefox Browser 109 or higher is required for the latest version of Bookmarks Organizer).\n\nFeatures\n\n    Finds no longer working bookmarks\n    Finds duplicate bookmarks\n    Finds bookmarks without name\n    Broken bookmarks can be edited or deleted\n    Detects redirects and offers the automatic correction of individual or all redirects\n    Whitelist feature to exclude bookmarks from future broken bookmark checks\n    Internal skip list for domains that are known as not validatable for technical reasons\n\n\nShortcuts\n\nThe interface can also be accessed via the keyboard. For this purpose the combination Shift + F11 is reserved. Or you can open the interface via a menu entry in the tools menu.\n\nIt is also possible to start individual tests directly via the address bar:\n\n    bookmarks organizer: opens the interface\n    bookmarks duplicates: search for duplicates\n    bookmarks empty-names: search for bookmarks without name\n    bookmarks errors: search for broken bookmarksn\n    bookmarks redirects: search for redirects\n\n\nPlanned features\n\nYou can find the roadmap and request new features in the\n[issues tracker](https://github.com/cadeyrn/bookmarks-organizer/issues).\n\nLanguages\n\nThe add-on is currently available in the following languages:\n\n    German\n    English\n    French (Thanks, Primokorn!)\n    Italian (Thanks, MichelePezza!)\n    Russian (Thanks, perdolka and Smollet777!)\n    Japanese (Thanks, dlwe!)\n    Chinese (simplified) (Thanks, yfdyh000!)\n    Chinese (traditional) (Thanks, zhtw2013!)\n    Spanish (Thanks, TarekJor!)\n    Brazilian Portuguese (Thanks, pmichelazzo!)\n    Dutch (Thanks, Tonnes!)\n    Polish (Thanks, WaldiPL!)\n    Czech (Thanks, MekliCZ!)\n    Swedish (Thanks, Sopor- and iwconfig!)\n    Ukrainian (Thanks, perdolka and Smollet777!)\n    Upper Sorbian (Thanks, milupo!)\n    Lower Sorbian (Thanks, milupo!)\n    Turkish (Thanks, coffeemesh!)\n\n\nNote\n\n    If you edit the URL of a bookmark or if you let Bookmarks Organizer fix a redirect Firefox will “lose” the tags associated with the bookmark because bookmark tags are bound to the URL and not to the bookmark. The tags are not really lost, they are still associated with the old URL. This is neither a bug of Bookmarks Organizer nor of Firefox, it's how Firefox works. Please see Bugzilla #1440988 for context.\n\n\nPermissions\n\nBookmarks Organizer needs several permissions to work properly. To give you full transparency this overview also lists “silent“ permissions.\n\nmandatory permissions:\n\nBookmarks Organizer does not work without the following permissions:\n\n- read and modify bookmarks\n\nYou installed Bookmarks Organizer for checking and modifying broken bookmarks so it should be clear why the permission is needed to read and modify the bookmarks.\n\n- access browser tabs\n\nThe permission to access the browser tabs is needed so that Bookmarks Organizer can jump to the already opened settings page if the settings page is already opened in another tab and you click the button to open Bookmarks Organizer's settings.\n\noptional permissions\n\n- access your data for all sites\n\nThe add-on checks the bookmarks by sending a request to the appropriate URLs. This cannot work without the permission to access these sites. Bookmarks Organizer asks at runtime for this permission if you want to execute this check.\n\nsilent permissions:\n\nBookmarks Organizer needs some more permissions, but Firefox does not prompt for the following permissions:\n\nmenus\n(since 2.0.0)\n\nThe menus permission is needed for providing an menu entry in the tools menu to access Bookmarks Organizer's user interface.\n\nstorage\n\nThe storage permission is needed so that Bookmarks Organizer can store settings and exceptions.","weeklyDownloads":151,"type":"extension","creator":{"name":"Sören Hentzschel","url":"https://addons.mozilla.org/es/firefox/user/1351101/"},"developers":[],"screenshots":[{"url":"https://addons.mozilla.org/user-media/previews/full/199/199079.png?modified=1622132725","width":1440,"height":820,"thumbnailURL":"https://addons.mozilla.org/user-media/previews/thumbs/199/199079.jpg?modified=1622132725","thumbnailWidth":533,"thumbnailHeight":304},{"url":"https://addons.mozilla.org/user-media/previews/full/199/199080.png?modified=1622132727","width":1440,"height":820,"thumbnailURL":"https://addons.mozilla.org/user-media/previews/thumbs/199/199080.jpg?modified=1622132727","thumbnailWidth":533,"thumbnailHeight":304},{"url":"https://addons.mozilla.org/user-media/previews/full/199/199081.png?modified=1622132730","width":1440,"height":820,"thumbnailURL":"https://addons.mozilla.org/user-media/previews/thumbs/199/199081.jpg?modified=1622132730","thumbnailWidth":533,"thumbnailHeight":304},{"url":"https://addons.mozilla.org/user-media/previews/full/199/199082.png?modified=1622132732","width":1440,"height":820,"thumbnailURL":"https://addons.mozilla.org/user-media/previews/thumbs/199/199082.jpg?modified=1622132732","thumbnailWidth":533,"thumbnailHeight":304},{"url":"https://addons.mozilla.org/user-media/previews/full/199/199083.png?modified=1622132735","width":1440,"height":820,"thumbnailURL":"https://addons.mozilla.org/user-media/previews/thumbs/199/199083.jpg?modified=1622132735","thumbnailWidth":533,"thumbnailHeight":304}],"contributionURL":"https://paypal.me/agenedia/3?utm_content=product-page-contribute&utm_medium=referral&utm_source=addons.mozilla.org","averageRating":3.6544,"reviewCount":235,"reviewURL":"https://addons.mozilla.org/es/firefox/addon/bookmarks-organizer/reviews/","updateDate":1694115223000},{"id":"{7a73dc4b-1b38-40e7-ac56-7d356dd4af34}","icons":{"32":"https://addons.mozilla.org/user-media/addon_icons/847/847334-32.png?modified=1600233669","64":"https://addons.mozilla.org/user-media/addon_icons/847/847334-64.png?modified=1600233669","128":"https://addons.mozilla.org/user-media/addon_icons/847/847334-128.png?modified=1600233669"},"name":"Distill Web Monitor","version":"3.6.12","sourceURI":"https://addons.mozilla.org/firefox/downloads/file/4146752/distill_web_monitor_ff-3.6.12.xpi","homepageURL":"https://distill.io","supportURL":"https://distill.io","amoListingURL":"https://addons.mozilla.org/es/firefox/addon/distill-web-monitor-ff/","description":"Monitor website changes and get SMS, email or push notifications on change.","fullDescription":"Monitor webpage or feed for changes. Get SMS and email alerts on change detection.\n\nDistill runs in your browser to check monitored pages for changes. Get instant alerts as soon as a change is detected.\n\nFeatured highlights:\n\n* Easy content selection from any webpage.\n* Highlighted changes.\n* Change history.\n* Supported actions:\n- Email\n- SMS\n- Sound\n- Pop-up\n- Push notification on phones\n- Webhook\n* An inbox style Watchlist to manage monitors.\n* Condition for smart actions.\n* Powerful expression for content selection. Use Xpath, CSS or Javascript to select content. Use regular expression to extract matches from the web page.\n* Sync Watchlist across devices in premium plan.\n\nGetting started:\n\n* Open a webpage to be monitored.\n* Click Distill's drop icon in browser toolbar.\n* \"Select parts of page\" or \"Monitor whole page\" as needed for your case. In case of select parts, hover around the area on webpage that you want to watch and \"click\" to select the parts.\n* Save selections and done!\n\nGo to Watchlist by clicking the Distill icon to see list of watched webpages.\n\nYou can also check out our help article for a quick start: https://distill.io/help/gettingstarted/firefox\n\nIf you need any help, write to us at support@distill.io. We will respond at the earliest.","weeklyDownloads":268,"type":"extension","creator":{"name":"Distill","url":"https://addons.mozilla.org/es/firefox/user/10741892/"},"developers":[],"screenshots":[],"contributionURL":"","averageRating":4.3857,"reviewCount":149,"reviewURL":"https://addons.mozilla.org/es/firefox/addon/distill-web-monitor-ff/reviews/","updateDate":1691139577000},{"id":"webscrapbook@danny0838.addons.mozilla.org","icons":{"32":"https://addons.mozilla.org/user-media/addon_icons/866/866013-32.png?modified=1648138451","64":"https://addons.mozilla.org/user-media/addon_icons/866/866013-64.png?modified=1648138451","128":"https://addons.mozilla.org/user-media/addon_icons/866/866013-128.png?modified=1648138451"},"name":"WebScrapBook","version":"2.8.2","sourceURI":"https://addons.mozilla.org/firefox/downloads/file/4249517/webscrapbook-2.8.2.xpi","homepageURL":"https://github.com/danny0838/webscrapbook","supportURL":"https://github.com/danny0838/webscrapbook","amoListingURL":"https://addons.mozilla.org/es/firefox/addon/webscrapbook/","description":"Capture web pages to local device or backend server for future retrieval, organization, annotation, and edit.","fullDescription":"WebScrapBook is a browser extension that captures the web page faithfully with various archive formats and customizable configurations, for future retrieval, organization, annotation, and editing. This project inherits from legacy Firefox add-on ScrapBook X.\n\nFeatures:\n1. Capture faithfully: A web page shown in the browser can be captured without losing any subtle detail. Metadata such as source URL and timestamp are also recorded.\n2. Customizable capture: WebScrapBook can save selected area in a page, save source page (before processed by scripts), or save page as a bookmark. How to capture images, audio, video, fonts, frames, styles, scripts, etc. are also customizable. A web page can be saved as a folder, a ZIP-based archive file (HTZ or MAFF), or a single HTML file.\n3. Page editing: A web page can be highlighted, annotated, or edited before or after a capture.\n4. Organizable collections: Captured pages can be organized in the browser sidebar using one or more scrapbooks, and each scrapbooks holds a hierarchical tree structure to organize data items. Notes using HTML or markdown format can also be created and managed. (*)\n5. Fulltext searching: Each scrapbook can be further indexed for a rich-feature search (using title, fulltext, comment, source URL, create time, modify time, etc.). (*)\n6. Remote access: Captured data can be hosted with a central backend server and be read or edited from other devices. Alternatively, a scrapbook can generate a static site index and be distributed as a static web site. (*)\n7. Mobile support: WebScrapBook supports mobile browsers such as Firefox for Android and Kiwi browser. You can capture and edit the web page from a mobile phone or tablet.\n8. Legacy ScrapBook support: Scrapbooks created from legacy ScrapBook or ScrapBook X can be converted into WebScrapBook-compliant format for usage. (*)\n* All or partial functionality of a starred feature above requires a running collaborating backend server, which can be easily set up using PyWebScrapBook.\n* An HTZ or MAFF archive file can be viewed using the built-in archive page viewer, using PyWebScrapBook or other assistant tools, or by opening the index page after unzipping.\n\nSee Also:\n* For further information and frequently asked questions, visit the documentation wiki.\n* For better discussion, please report an issue to the source repository.","weeklyDownloads":176,"type":"extension","creator":{"name":"Danny Lin","url":"https://addons.mozilla.org/es/firefox/user/6069572/"},"developers":[],"screenshots":[{"url":"https://addons.mozilla.org/user-media/previews/full/247/247555.png?modified=1622132805","width":1280,"height":800,"thumbnailURL":"https://addons.mozilla.org/user-media/previews/thumbs/247/247555.jpg?modified=1622132805","thumbnailWidth":533,"thumbnailHeight":333,"caption":"Capture web pages with WebScrapBook."},{"url":"https://addons.mozilla.org/user-media/previews/full/247/247556.png?modified=1622132807","width":1280,"height":800,"thumbnailURL":"https://addons.mozilla.org/user-media/previews/thumbs/247/247556.jpg?modified=1622132807","thumbnailWidth":533,"thumbnailHeight":333,"caption":"WebScrapBook is highly customizable. Multiple web page archive formats are supported."},{"url":"https://addons.mozilla.org/user-media/previews/full/247/247557.png?modified=1622132809","width":1281,"height":800,"thumbnailURL":"https://addons.mozilla.org/user-media/previews/thumbs/247/247557.jpg?modified=1622132809","thumbnailWidth":533,"thumbnailHeight":333,"caption":"Captured pages can be organized with folders and separators in the sidebar, and can be annotated or edited."},{"url":"https://addons.mozilla.org/user-media/previews/full/247/247558.png?modified=1622132811","width":1280,"height":800,"thumbnailURL":"https://addons.mozilla.org/user-media/previews/thumbs/247/247558.jpg?modified=1622132811","thumbnailWidth":533,"thumbnailHeight":333,"caption":"A feature-rich fulltext search is supported."}],"contributionURL":"https://paypal.me/danny0838/5usd?utm_content=product-page-contribute&utm_medium=referral&utm_source=addons.mozilla.org","averageRating":3.9389,"reviewCount":75,"reviewURL":"https://addons.mozilla.org/es/firefox/addon/webscrapbook/reviews/","updateDate":1710336913000},{"id":"firefox-extension@shodan.io","icons":{"32":"https://addons.mozilla.org/user-media/addon_icons/2705/2705262-32.png?modified=8f6592e9","64":"https://addons.mozilla.org/user-media/addon_icons/2705/2705262-64.png?modified=8f6592e9","128":"https://addons.mozilla.org/user-media/addon_icons/2705/2705262-128.png?modified=8f6592e9"},"name":"Shodan","version":"1.1.1","sourceURI":"https://addons.mozilla.org/firefox/downloads/file/4117305/shodan_addon-1.1.1.xpi","homepageURL":null,"supportURL":"https://www.shodan.io","amoListingURL":"https://addons.mozilla.org/es/firefox/addon/shodan-addon/","description":"The Shodan plugin tells you where the website is hosted (country, city), who owns the IP and what other services/ ports are open.","fullDescription":null,"weeklyDownloads":341,"type":"extension","creator":{"name":"Shodan","url":"https://addons.mozilla.org/es/firefox/user/11252238/"},"developers":[],"screenshots":[{"url":"https://addons.mozilla.org/user-media/previews/full/257/257490.png?modified=1622929521","width":1718,"height":1373,"thumbnailURL":"https://addons.mozilla.org/user-media/previews/thumbs/257/257490.jpg?modified=1622929521","thumbnailWidth":501,"thumbnailHeight":400}],"contributionURL":"","averageRating":5,"reviewCount":0,"reviewURL":"https://addons.mozilla.org/es/firefox/addon/shodan-addon/reviews/","updateDate":1685307030000},{"id":"{9c37f9a3-ea04-4a2b-9fcc-c7a814c14311}","icons":{"32":"https://addons.mozilla.org/user-media/addon_icons/2695/2695330-32.png?modified=cb912085","64":"https://addons.mozilla.org/user-media/addon_icons/2695/2695330-64.png?modified=cb912085","128":"https://addons.mozilla.org/user-media/addon_icons/2695/2695330-128.png?modified=cb912085"},"name":"BookmarkHub - sync bookmarks","version":"0.0.4","sourceURI":"https://addons.mozilla.org/firefox/downloads/file/3815080/bookmarkhub-0.0.4.xpi","homepageURL":"https://www.github.com/dudor/BookmarkHub","supportURL":"https://github.com/dudor/BookmarkHub","amoListingURL":"https://addons.mozilla.org/es/firefox/addon/bookmarkhub/","description":"BookmarkHub,sync bookmarks across different browsers","fullDescription":"BookmarkHub is a browser plug-in that can synchronize your bookmarks between different browsers.\nFor major browsers such as Chrome, Firefox, Microsoft Edge, and more.\nIt uses GitHub's Gist records to store browser bookmarks for safe and secure use.\n\nfirst you must have a github account , and create a token that can access your gist, then create a gist.\nopen the setting panel of bookmarkhub , fill them with your github token and gist ID.\nafter uploaded the bookmarks ,you can open gist to check them.\nFind more: https://github.com/dudor/BookmarkHub\n\nFeatures\nNo registration required, just use the Token and Gist of your GitHub account\nEasy to upload and download bookmarks with one click\nClear all local bookmarks with one click\nSupport cross-machine and cross-browser synchronization of bookmarks\nSupport to display the number of local and remote bookmarks","weeklyDownloads":20,"type":"extension","creator":{"name":"dudor","url":"https://addons.mozilla.org/es/firefox/user/15281488/"},"developers":[],"screenshots":[{"url":"https://addons.mozilla.org/user-media/previews/full/254/254578.png?modified=1622136920","width":1366,"height":768,"thumbnailURL":"https://addons.mozilla.org/user-media/previews/thumbs/254/254578.jpg?modified=1622136920","thumbnailWidth":533,"thumbnailHeight":300,"caption":"operation panel"},{"url":"https://addons.mozilla.org/user-media/previews/full/254/254579.png?modified=1622136922","width":1366,"height":768,"thumbnailURL":"https://addons.mozilla.org/user-media/previews/thumbs/254/254579.jpg?modified=1622136922","thumbnailWidth":533,"thumbnailHeight":300,"caption":"setting panel"},{"url":"https://addons.mozilla.org/user-media/previews/full/254/254580.png?modified=1622136923","width":377,"height":341,"thumbnailURL":"https://addons.mozilla.org/user-media/previews/thumbs/254/254580.jpg?modified=1622136923","thumbnailWidth":377,"thumbnailHeight":341,"caption":"operation panel"}],"contributionURL":"","averageRating":4.6818,"reviewCount":13,"reviewURL":"https://addons.mozilla.org/es/firefox/addon/bookmarkhub/reviews/","updateDate":1627200938000},{"id":"archivebox@tjhorner.dev","icons":{"32":"https://addons.mozilla.org/user-media/addon_icons/2710/2710732-32.png?modified=caf71574","64":"https://addons.mozilla.org/user-media/addon_icons/2710/2710732-64.png?modified=caf71574","128":"https://addons.mozilla.org/user-media/addon_icons/2710/2710732-128.png?modified=caf71574"},"name":"ArchiveBox","version":"1.3.1","sourceURI":"https://addons.mozilla.org/firefox/downloads/file/3865261/archivebox_exporter-1.3.1.xpi","homepageURL":"https://github.com/archivebox/archivebox-extension","supportURL":"https://github.com/archivebox/archivebox-extension","amoListingURL":"https://addons.mozilla.org/es/firefox/addon/archivebox-exporter/","description":"Automatically or manually send pages to your ArchiveBox for archival.","fullDescription":"Preserve the web while you browse by connecting your browser to ArchiveBox.\n\nYou can set up ArchiveBox Exporter to automatically push your browsing history to an ArchiveBox instance based on a set of criteria (specific domains or URLs matching regexes). You can also add pages manually to your ArchiveBox through the context menu.","weeklyDownloads":12,"type":"extension","creator":{"name":"TJ Horner","url":"https://addons.mozilla.org/es/firefox/user/15747174/"},"developers":[],"screenshots":[{"url":"https://addons.mozilla.org/user-media/previews/full/258/258559.png?modified=1625181770","width":1280,"height":800,"thumbnailURL":"https://addons.mozilla.org/user-media/previews/thumbs/258/258559.jpg?modified=1625181770","thumbnailWidth":533,"thumbnailHeight":333,"caption":"The extension settings, where you can add domains or regexes to automatically be archived."}],"contributionURL":"","averageRating":5,"reviewCount":0,"reviewURL":"https://addons.mozilla.org/es/firefox/addon/archivebox-exporter/reviews/","updateDate":1636392365000},{"id":"jid1-ZAdIEUB7XOzOJw@jetpack","icons":{"32":"https://addons.mozilla.org/user-media/addon_icons/385/385621-32.png?modified=1f1a9707","64":"https://addons.mozilla.org/user-media/addon_icons/385/385621-64.png?modified=1f1a9707","128":"https://addons.mozilla.org/user-media/addon_icons/385/385621-128.png?modified=1f1a9707"},"name":"DuckDuckGo Privacy Essentials","version":"2024.3.11","sourceURI":"https://addons.mozilla.org/firefox/downloads/file/4248904/duckduckgo_for_firefox-2024.3.11.xpi","homepageURL":"https://duckduckgo.com/app","supportURL":null,"amoListingURL":"https://addons.mozilla.org/es/firefox/addon/duckduckgo-for-firefox/","description":"Simple and seamless privacy protection for your browser: tracker blocking, cookie protection, DuckDuckGo private search, email protection, HTTPS upgrading, and much more.","fullDescription":"Privacy, simplified.\n\nProtecting your privacy online is like protecting your home. Locking the front door won’t stop the most determined folks from getting inside, especially if you’ve left the back door and windows unlocked and an extra key under the doormat. That’s why we offer multiple types of privacy protection, most of which aren’t offered in most popular browsers by default.\n\nWith the press of a button, you get seamless protection from most 3rd-party trackers while you search and browse, access to tracking protections for emails you receive, and much more. Together these privacy essentials make more privacy your default.\n\nFEATURE HIGHLIGHTS\n\n    Search Privately by Default — DuckDuckGo Private Search comes built-in, so you can easily search the web without being tracked.\n    Escape Website Trackers Before They Load — automatically stop most hidden trackers (3rd-party scripts) from loading, which prevents companies from collecting and using (e.g. sale, ads, etc.) any data from these trackers. Our cutting-edge tracker blocking technology – called 3rd-Party Tracker Loading Protection – goes well above and beyond what you get in most popular browsers by default.\n    Automatically Enforce Encryption — force many sites you visit to automatically use an encrypted (HTTPS) connection, which helps shield your data from Wi-Fi snoopers and network onlookers like your Internet provider. Most popular browsers only direct users to encrypted versions of pages in specific circumstances, like when you navigate directly to a page in the address bar. We check our list of upgradable sites for all links you click.\n    Enable Built-in Email Protection — Over 85% of emails sent to Duck Addresses contained trackers that can detect when you’ve opened a message, where you were when you opened it, and what device you were using. Email Protection makes it easy to block most email trackers and hide your existing address when signing up for things online, all without switching email providers.\n    Escape Fingerprinting — help stop companies from creating a unique identifier for you by blocking their attempts to combine specific information about your browser and device settings.\n    Block Tracking Cookies— prevent most 3rd-party cookies from tracking you as you browse from site to site.\n\n\nADDITIONAL PROTECTIONS NOT AVAILABLE ON MOST BROWSERS\n\n    Link Tracking Protection — helps stop companies from gathering your browsing history and other information via personal identifiers embedded in the links you click on.\n    Embedded Social Content Tracking Protection — blocks embedded Facebook content around the web so they can't track you through their videos, posts, and comments found on other sites. You can easily unblock to view them if desired.\n    Google AMP Protection — forces sites to load content directly from publishers instead of using Google-owned links, which are full of creepy trackers.\n    Signal Your Privacy Preference with Global Privacy Control (GPC) — built-into our app, GPC intends to help you express your opt-out rights automatically by telling websites not to sell or share your personal information. Whether it can be used to enforce your legal rights (for example, current or future CCPA, GDPR requirements) depends on the laws in your jurisdiction.\n\n\nNote about our 3rd-Party Tracker Loading Protection following DuckDuckGo ad clicks: Our 3rd-Party Tracker Protection goes above and beyond what you get in most popular browsers by default, but we’re constantly working to make it more comprehensive. Currently, if an advertiser wants to detect conversions on their own website for our private DuckDuckGo search ads, our 3rd-Party Tracker Loading Protection will not stop bat.bing.com requests from loading on the advertiser’s website following DuckDuckGo ad clicks, but those requests are stopped in all other contexts. This is because DuckDuckGo private search advertising is in partnership with Microsoft. As part of that partnership, viewing ads on DuckDuckGo is anonymous and Microsoft has committed to not profile our users’ ad clicks.\n\nRead more about this and our Tracking Protections at https://help.duckduckgo.com/privacy/web-tracking-protections/\n\nYou don't need to wait to take back your privacy. Join the millions of people using DuckDuckGo and protect many of your everyday online activities with one app. It's privacy, simplified.\n\nAbout Us: https://duckduckgo.com/about/\nHow It Works: https://duckduckgo.com/app\nPrivacy Newsletter: https://duckduckgo.com/newsletter\nPrivacy Policy: https://duckduckgo.com/privacy/\nTerms of Service: https://duckduckgo.com/terms/\nOpen Source: https://github.com/duckduckgo/duckduckgo-privacy-extension","weeklyDownloads":6816,"type":"extension","creator":{"name":"DuckDuckGo","url":"https://addons.mozilla.org/es/firefox/user/3946396/"},"developers":[],"screenshots":[{"url":"https://addons.mozilla.org/user-media/previews/full/283/283297.png?modified=1685690530","width":1280,"height":800,"thumbnailURL":"https://addons.mozilla.org/user-media/previews/thumbs/283/283297.jpg?modified=1685690530","thumbnailWidth":533,"thumbnailHeight":333},{"url":"https://addons.mozilla.org/user-media/previews/full/283/283298.png?modified=1685690530","width":1280,"height":800,"thumbnailURL":"https://addons.mozilla.org/user-media/previews/thumbs/283/283298.jpg?modified=1685690530","thumbnailWidth":533,"thumbnailHeight":333},{"url":"https://addons.mozilla.org/user-media/previews/full/283/283299.png?modified=1685690530","width":1280,"height":800,"thumbnailURL":"https://addons.mozilla.org/user-media/previews/thumbs/283/283299.jpg?modified=1685690530","thumbnailWidth":533,"thumbnailHeight":333},{"url":"https://addons.mozilla.org/user-media/previews/full/283/283300.png?modified=1685690530","width":1280,"height":800,"thumbnailURL":"https://addons.mozilla.org/user-media/previews/thumbs/283/283300.jpg?modified=1685690530","thumbnailWidth":533,"thumbnailHeight":333},{"url":"https://addons.mozilla.org/user-media/previews/full/283/283301.png?modified=1685690530","width":1280,"height":800,"thumbnailURL":"https://addons.mozilla.org/user-media/previews/thumbs/283/283301.jpg?modified=1685690530","thumbnailWidth":533,"thumbnailHeight":333}],"contributionURL":"","averageRating":4.3538,"reviewCount":610,"reviewURL":"https://addons.mozilla.org/es/firefox/addon/duckduckgo-for-firefox/reviews/","updateDate":1710430129000},{"id":"uBlock0@raymondhill.net","icons":{"32":"https://addons.mozilla.org/user-media/addon_icons/607/607454-32.png?modified=mcrushed","64":"https://addons.mozilla.org/user-media/addon_icons/607/607454-64.png?modified=mcrushed","128":"https://addons.mozilla.org/user-media/addon_icons/607/607454-128.png?modified=mcrushed"},"name":"uBlock Origin","version":"1.56.0","sourceURI":"https://addons.mozilla.org/firefox/downloads/file/4237670/ublock_origin-1.56.0.xpi","homepageURL":"https://github.com/gorhill/uBlock#ublock-origin","supportURL":"https://old.reddit.com/r/uBlockOrigin/","amoListingURL":"https://addons.mozilla.org/es/firefox/addon/ublock-origin/","description":"Finally, an efficient wide-spectrum content blocker. Easy on CPU and memory.","fullDescription":"uBlock Origin is not an \"ad blocker\", it's a wide-spectrum content blocker with CPU and memory efficiency as a primary feature.\n\n***\n\nOut of the box, uBO blocks ads, trackers, coin miners, popups, etc. through the following lists of filters, enabled by default:\n\n- EasyList (ads)\n- EasyPrivacy (tracking)\n- Peter Lowe’s Ad server list (ads and tracking)\n- Online Malicious URL Blocklist\n- uBO's own lists\n\nMore lists are available for you to select if you wish:\n\n- EasyList Cookie\n- Fanboy Annoyances\n- AdGuard Annoyances\n- Dan Pollock’s hosts file\n- And many others\n\nAdditionally, you can point-and-click to block JavaScript locally or globally, create your own global or local rules to override entries from filter lists, and many more advanced features.\n\n***\n\nFree.\nOpen source with public license (GPLv3)\nFor users by users.\n\nIf ever you really do want to contribute something, think about the people working hard to maintain the filter lists you are using, which were made available to use by all for free.\n\n***\n\n    Documentation\n    Release notes\n    Community support @ Reddit\n    Contributors @ GitHub\n    Contributors @ Crowdin","weeklyDownloads":157814,"type":"extension","creator":{"name":"Raymond Hill","url":"https://addons.mozilla.org/es/firefox/user/11423598/"},"developers":[],"screenshots":[{"url":"https://addons.mozilla.org/user-media/previews/full/238/238546.png?modified=1622132421","width":1011,"height":758,"thumbnailURL":"https://addons.mozilla.org/user-media/previews/thumbs/238/238546.jpg?modified=1622132421","thumbnailWidth":533,"thumbnailHeight":400,"caption":"The popup panel: default mode"},{"url":"https://addons.mozilla.org/user-media/previews/full/238/238548.png?modified=1622132423","width":1011,"height":758,"thumbnailURL":"https://addons.mozilla.org/user-media/previews/thumbs/238/238548.jpg?modified=1622132423","thumbnailWidth":533,"thumbnailHeight":400,"caption":"The dashboard: stock filter lists"},{"url":"https://addons.mozilla.org/user-media/previews/full/238/238547.png?modified=1622132425","width":1011,"height":758,"thumbnailURL":"https://addons.mozilla.org/user-media/previews/thumbs/238/238547.jpg?modified=1622132425","thumbnailWidth":533,"thumbnailHeight":400,"caption":"The popup panel: default-deny mode"},{"url":"https://addons.mozilla.org/user-media/previews/full/238/238549.png?modified=1622132426","width":1011,"height":758,"thumbnailURL":"https://addons.mozilla.org/user-media/previews/thumbs/238/238549.jpg?modified=1622132426","thumbnailWidth":533,"thumbnailHeight":400,"caption":"The dashboard: settings"},{"url":"https://addons.mozilla.org/user-media/previews/full/238/238552.png?modified=1622132430","width":970,"height":1800,"thumbnailURL":"https://addons.mozilla.org/user-media/previews/thumbs/238/238552.jpg?modified=1622132430","thumbnailWidth":216,"thumbnailHeight":400,"caption":"The popup panel in Firefox Preview: default mode with more blocking options revealed"},{"url":"https://addons.mozilla.org/user-media/previews/full/230/230370.png?modified=1622132432","width":800,"height":600,"thumbnailURL":"https://addons.mozilla.org/user-media/previews/thumbs/230/230370.jpg?modified=1622132432","thumbnailWidth":533,"thumbnailHeight":400,"caption":"The unified logger tells you all that uBO is seeing and doing"}],"contributionURL":"","averageRating":4.7892,"reviewCount":4541,"reviewURL":"https://addons.mozilla.org/es/firefox/addon/ublock-origin/reviews/","updateDate":1710450029000}]}