{"formautofill@mozilla.org":{"permissions":["internal:svgContextPropertiesAllowed","internal:privateBrowsingAllowed"],"origins":[]},"pictureinpicture@mozilla.org":{"permissions":["internal:svgContextPropertiesAllowed","internal:privateBrowsingAllowed"],"origins":[]},"screenshots@mozilla.org":{"permissions":["internal:svgContextPropertiesAllowed","internal:privateBrowsingAllowed"],"origins":[]},"webcompat@mozilla.org":{"permissions":["internal:svgContextPropertiesAllowed","internal:privateBrowsingAllowed"],"origins":[]},"default-theme@mozilla.org":{"permissions":["internal:svgContextPropertiesAllowed","internal:privateBrowsingAllowed"],"origins":[]},"addons-search-detection@mozilla.com":{"permissions":["internal:svgContextPropertiesAllowed","internal:privateBrowsingAllowed"],"origins":[]},"google@search.mozilla.org":{"permissions":["internal:svgContextPropertiesAllowed","internal:privateBrowsingAllowed"],"origins":[]},"wikipedia@search.mozilla.org":{"permissions":["internal:svgContextPropertiesAllowed","internal:privateBrowsingAllowed"],"origins":[]},"bing@search.mozilla.org":{"permissions":["internal:svgContextPropertiesAllowed","internal:privateBrowsingAllowed"],"origins":[]},"ddg@search.mozilla.org":{"permissions":["internal:svgContextPropertiesAllowed","internal:privateBrowsingAllowed"],"origins":[]},"ebay@search.mozilla.org":{"permissions":["internal:svgContextPropertiesAllowed","internal:privateBrowsingAllowed"],"origins":[]},"amazon@search.mozilla.org":{"permissions":["internal:svgContextPropertiesAllowed","internal:privateBrowsingAllowed"],"origins":[]},"archivebox@tjhorner.dev":{"permissions":["internal:privateBrowsingAllowed"],"origins":[]},"{9c37f9a3-ea04-4a2b-9fcc-c7a814c14311}":{"permissions":["internal:privateBrowsingAllowed"],"origins":[]},"{7a73dc4b-1b38-40e7-ac56-7d356dd4af34}":{"permissions":["internal:privateBrowsingAllowed"],"origins":[]},"{1018e4d6-728f-4b20-ad56-37578a4de76b}":{"permissions":["internal:privateBrowsingAllowed"],"origins":[]},"jid1-MnnxcxisBPnSXQ@jetpack":{"permissions":["internal:privateBrowsingAllowed"],"origins":[]},"{2e5ff8c8-32fe-46d0-9fc8-6b8986621f3c}":{"permissions":["internal:privateBrowsingAllowed"],"origins":[]},"firefox-extension@shodan.io":{"permissions":["internal:privateBrowsingAllowed"],"origins":[]},"{3c078156-979c-498b-8990-85f7987dd929}":{"permissions":["internal:privateBrowsingAllowed","bookmarks"],"origins":[]},"{a6c4a591-f1b2-4f03-b3ff-767e5bedf4e7}":{"permissions":["internal:privateBrowsingAllowed"],"origins":[]},"wayback_machine@mozilla.org":{"permissions":["internal:svgContextPropertiesAllowed","internal:privateBrowsingAllowed"],"origins":[]},"{d07ccf11-c0cd-4938-a265-2a4d6ad01189}":{"permissions":["internal:privateBrowsingAllowed"],"origins":[]},"webscrapbook@danny0838.addons.mozilla.org":{"permissions":["internal:privateBrowsingAllowed"],"origins":[]},"zotero@chnm.gmu.edu":{"permissions":["internal:privateBrowsingAllowed"],"origins":[]},"jid1-ZAdIEUB7XOzOJw@jetpack":{"permissions":["internal:privateBrowsingAllowed"],"origins":[]},"uBlock0@raymondhill.net":{"permissions":["internal:privateBrowsingAllowed"],"origins":[]}}