{"chrome://browser/content/browser.xhtml":{"main-window":{"screenX":"88","screenY":"78","width":"1535","height":"1118","sizemode":"maximized"},"sidebar-box":{"sidebarcommand":"viewBookmarksSidebar","style":"order: 1;","checked":"true"},"sidebar-title":{"value":"Marcadores"}},"chrome://browser/content/places/bookmarksSidebar.xhtml":{"place:m/Rj54NNKAHUcTsoz/MJeQ==":{"open":"true"},"place:Uak15TRd87ypbevMpNxOqw==":{"open":"true"},"place:jdFgk8CWXlDbSvKotQ4k9A==":{"open":"true"},"place:QEMUNbDdI5YX0xlPEELt7g==":{"open":"true"},"place:OmHfAW8r3JtHUJDITYXmXg==":{"open":"true"},"place:5thr5eP2BM9klRaBh8eIEg==":{"open":"true"}},"chrome://browser/content/places/places.xhtml":{"placesContentTags":{"ordinal":"3"},"placesContentUrl":{"ordinal":"5"},"placesContentDate":{"ordinal":"7","sortDirection":"descending"},"placesContentVisitCount":{"ordinal":"9"},"placesContentDateAdded":{"ordinal":"11"},"placesContentLastModified":{"ordinal":"13"},"places":{"screenX":"50","screenY":"82","width":"800","height":"500","sizemode":"normal"}}}