{"version":5,"lastUserContextId":5,"identities":[{"icon":"fingerprint","color":"blue","public":true,"userContextId":1,"l10nId":"user-context-personal"},{"icon":"briefcase","color":"orange","public":true,"userContextId":2,"l10nId":"user-context-work"},{"icon":"dollar","color":"green","public":true,"userContextId":3,"l10nId":"user-context-banking"},{"icon":"cart","color":"pink","public":true,"userContextId":4,"l10nId":"user-context-shopping"},{"public":false,"icon":"","color":"","name":"userContextIdInternal.thumbnail","userContextId":5},{"userContextId":4294967295,"public":false,"icon":"","color":"","name":"userContextIdInternal.webextStorageLocal"}]}