{"version":3,"url_overrides":{},"prefs":{"network.networkPredictionEnabled":{"initialValue":{},"precedenceList":[{"id":"uBlock0@raymondhill.net","installDate":1710555030186,"value":false,"enabled":true},{"id":"jid1-MnnxcxisBPnSXQ@jetpack","installDate":1709506500533,"value":false,"enabled":true}]},"websites.hyperlinkAuditingEnabled":{"initialValue":{},"precedenceList":[{"id":"uBlock0@raymondhill.net","installDate":1710555030186,"value":false,"enabled":true},{"id":"jid1-MnnxcxisBPnSXQ@jetpack","installDate":1709506500533,"value":false,"enabled":true}]},"privacy.containers":{"initialValue":{},"precedenceList":[{"id":"{3c078156-979c-498b-8990-85f7987dd929}","installDate":1709506517687,"value":"{3c078156-979c-498b-8990-85f7987dd929}","enabled":true}]}},"homepageNotification":{},"tabHideNotification":{},"default_search":{"defaultSearch":{"initialValue":"Google","precedenceList":[{"id":"jid1-ZAdIEUB7XOzOJw@jetpack","installDate":1710555001745,"value":"DuckDuckGo","enabled":true}]}},"newTabNotification":{},"commands":{"0":{"precedenceList":[{"id":"{1018e4d6-728f-4b20-ad56-37578a4de76b}","installDate":1709506496091,"value":{"description":"Flagfox hotkey for: Geotool","shortcut":"Alt+Shift+G"},"enabled":true}]}}}